Request ID,Customer Name,Service Provider ID,DOR,DOC,Contact Number,Review Description,Rating
1,rocky_mervin,3,2024-10-31T20:12:12.518025,2024-10-31T20:14:06.051395,user,Good,4
2,rocky_mervin,4,2024-11-02T09:27:13.331096,2024-11-02T09:28:34.478431,user,Good Take Care,4
3,rocky_mervin,4,2024-11-02T09:31:20.997005,,user,Good,5
4,rocky_mervin,4,2024-11-02T09:38:53.905586,2024-11-02T09:39:51.992952,user,Excellent,5
5,rocky_mervin,3,2024-11-02T09:40:43.471258,2024-11-02T09:41:35.568403,user,Good,4
6,Mervin05,3,2024-11-02T09:43:52.299596,2024-11-02T09:44:44.706078,mervinclient123@gmail.com,Good Work Done,4
7,sdrfg,10,2024-11-09T18:21:34.407752,2024-11-09T18:24:16.683971,lll@lll.lll,Good,4
8,sdrfg,13,2024-11-09T21:20:19.278231,2024-11-09T21:20:58.783855,lll@lll.lll,completed,4
9,sdrfg,4,2024-11-09T22:33:14.383273,,lll@lll.lll,Good,4
10,admin@study.iitm.ac.in,10,2024-11-09T22:33:20.219826,2024-11-10T20:20:30.997706,mervinjoseph2003@gmail.com,good,4
